{"cameraMode":{"drawMode":0,"name":"Shaded","section":"Shading Mode"},"sceneLighting":true,"audioPlay":false,"sceneViewState":{"showFog":true,"showMaterialUpdate":false,"showSkybox":true,"showFlares":true,"showImageEffects":true,"showParticleSystems":true},"in2DMode":false,"pivot":{"x":0.3872621953487396,"y":2.9132308959960939,"z":2.1083431243896486},"rotation":{"x":0.008686486631631852,"y":-0.030897272750735284,"z":-0.00026855923351831734,"w":-0.9994884133338928},"size":6.300641059875488,"orthographic":false}